Regle Num;NoteG;NoteD;NoteM;NoteA
-4.01;1;1;1;1
-4;2;2;2;1
-3.99;2;2;2;1
-3.98;2;2;2;1
-3.97;2;2;2;1
-3.96;2;2;2;1
-3.95;2;2;2;1
-3.94;2;2;2;1
-3.93;2;2;2;1
-3.92;2;2;2;1
-3.91;2;2;2;1
-3.9;2;2;2;1
-3.89;2;2;2;1
-3.88;2;2;2;1
-3.87;2;2;2;1
-3.86;2;2;2;1
-3.85;2;2;2;1
-3.84;2;2;2;1
-3.83;2;2;2;1
-3.82;2;2;2;1
-3.81;2;2;2;1
-3.8;2;2;2;1
-3.79;2;2;2;1
-3.78;2;2;2;1
-3.77;2;2;2;1
-3.76;2;2;2;1
-3.75;2;2;2;1
-3.74;2;2;2;1
-3.73;2;2;2;1
-3.72;2;2;2;1
-3.71;2;2;2;1
-3.7;2;2;2;1
-3.69;2;2;2;1
-3.68;2;2;2;1
-3.67;2;2;2;1
-3.66;2;2;2;1
-3.65;2;2;2;1
-3.64;2;2;2;1
-3.63;2;2;2;1
-3.62;2;2;2;1
-3.61;2;2;2;1
-3.6;2;2;2;1
-3.59;2;2;2;1
-3.58;2;2;2;1
-3.57;2;2;2;1
-3.56;2;2;2;1
-3.55;2;2;2;1
-3.54;2;2;2;1
-3.53;2;2;2;1
-3.52;2;2;2;1
-3.51;2;2;2;1
-3.5;2;2;2;1
-3.49;2;2;2;1
-3.48;2;2;2;1
-3.47;2;2;2;1
-3.46;2;2;2;1
-3.45;2;2;2;1
-3.44;2;2;2;1
-3.43;2;2;2;1
-3.42;2;2;2;1
-3.41;2;2;2;1
-3.4;2.5;2.5;2.5;1
-3.39;2.5;2.5;2.5;1
-3.38;2.5;2.5;2.5;1
-3.37;2.5;2.5;2.5;1
-3.36;2.5;2.5;2.5;1
-3.35;2.5;2.5;2.5;1
-3.34;2.5;2.5;2.5;1
-3.33;2.5;2.5;2.5;1
-3.32;2.5;2.5;2.5;1
-3.31;2.5;2.5;2.5;1
-3.3;2.5;2.5;2.5;1
-3.29;2.5;2.5;2.5;1
-3.28;2.5;2.5;2.5;1
-3.27;2.5;2.5;2.5;1
-3.26;2.5;2.5;2.5;1
-3.25;2.5;2.5;2.5;1
-3.24;2.5;2.5;2.5;1
-3.23;2.5;2.5;2.5;1
-3.22;2.5;2.5;2.5;1
-3.21;2.5;2.5;2.5;1
-3.2;2.5;2.5;2.5;1
-3.19;2.5;2.5;2.5;1
-3.18;2.5;2.5;2.5;1
-3.17;2.5;2.5;2.5;1
-3.16;2.5;2.5;2.5;1
-3.15;2.5;2.5;2.5;1
-3.14;2.5;2.5;2.5;1
-3.13;2.5;2.5;2.5;1
-3.12;2.5;2.5;2.5;1
-3.11;2.5;2.5;2.5;1
-3.1;2.5;2.5;2.5;1
-3.09;2.5;2.5;2.5;1
-3.08;2.5;2.5;2.5;1
-3.07;2.5;2.5;2.5;1
-3.06;2.5;2.5;2.5;1
-3.05;2.5;2.5;2.5;1
-3.04;2.5;2.5;2.5;1
-3.03;2.5;2.5;2.5;1
-3.02;2.5;2.5;2.5;1
-3.01;2.5;2.5;2.5;1
-3;3;3;3;2
-2.99;3;3;3;2
-2.98;3;3;3;2
-2.97;3;3;3;2
-2.96;3;3;3;2
-2.95;3;3;3;2
-2.94;3;3;3;2
-2.93;3;3;3;2
-2.92;3;3;3;2
-2.91;3;3;3;2
-2.9;3;3;3;2
-2.89;3;3;3;2
-2.88;3;3;3;2
-2.87;3;3;3;2
-2.86;3;3;3;2
-2.85;3;3;3;2
-2.84;3;3;3;2
-2.83;3;3;3;2
-2.82;3;3;3;2
-2.81;3;3;3;2
-2.8;3;3;3;2
-2.79;3;3;3;2
-2.78;3;3;3;2
-2.77;3;3;3;2
-2.76;3;3;3;2
-2.75;3;3;3;2
-2.74;3;3;3;2
-2.73;3;3;3;2
-2.72;3;3;3;2
-2.71;3;3;3;2
-2.7;3;3;3;2
-2.69;3;3;3;2
-2.68;3;3;3;2
-2.67;3;3;3;2
-2.66;3;3;3;2
-2.65;3;3;3;2
-2.64;3;3;3;2
-2.63;3;3;3;2
-2.62;3;3;3;2
-2.61;3;3;3;2
-2.6;3;3;3;2
-2.59;3;3;3;2
-2.58;3;3;3;2
-2.57;3;3;3;2
-2.56;3;3;3;2
-2.55;3;3;3;2
-2.54;3;3;3;2
-2.53;3;3;3;2
-2.52;3;3;3;2
-2.51;3;3;3;2
-2.5;3;3;3;2
-2.49;3;3;3;2
-2.48;3;3;3;2
-2.47;3;3;3;2
-2.46;3;3;3;2
-2.45;3;3;3;2
-2.44;3;3;3;2
-2.43;3;3;3;2
-2.42;3;3;3;2
-2.41;3;3;3;2
-2.4;3;3;3;2
-2.39;3;3;3;2
-2.38;3;3;3;2
-2.37;3;3;3;2
-2.36;3;3;3;2
-2.35;3;3;3;2
-2.34;3;3;3;2
-2.33;3;3;3;2
-2.32;3;3;3;2
-2.31;3;3;3;2
-2.3;3;3;3;2
-2.29;3;3;3;2
-2.28;3;3;3;2
-2.27;3;3;3;2
-2.26;3;3;3;2
-2.25;3;3;3;2
-2.24;3;3;3;2
-2.23;3;3;3;2
-2.22;3;3;3;2
-2.21;3;3;3;2
-2.2;3;3;3;2
-2.19;3;3;3;2
-2.18;3;3;3;2
-2.17;3;3;3;2
-2.16;3;3;3;2
-2.15;3;3;3;2
-2.14;3;3;3;2
-2.13;3;3;3;2
-2.12;3;3;3;2
-2.11;3;3;3;2
-2.1;3;3.5;3;2
-2.09;3;3.5;3;2
-2.08;3;3.5;3;2
-2.07;3;3.5;3;2
-2.06;3;3.5;3;2
-2.05;3;3.5;3;2
-2.04;3;3.5;3;2
-2.03;3;3.5;3;2
-2.02;3;3.5;3;2
-2.01;3;3.5;3;2
-2;3.5;3.5;3;2.5
-1.99;3.5;3.5;3;2.5
-1.98;3.5;3.5;3;2.5
-1.97;3.5;3.5;3;2.5
-1.96;3.5;3.5;3;2.5
-1.95;3.5;3.5;3;2.5
-1.94;3.5;3.5;3;2.5
-1.93;3.5;3.5;3;2.5
-1.92;3.5;3.5;3;2.5
-1.91;3.5;3.5;3;2.5
-1.9;3.5;3.5;3;2.5
-1.89;3.5;3.5;3;2.5
-1.88;3.5;3.5;3;2.5
-1.87;3.5;3.5;3;2.5
-1.86;3.5;3.5;3;2.5
-1.85;3.5;3.5;3;2.5
-1.84;3.5;3.5;3;2.5
-1.83;3.5;3.5;3;2.5
-1.82;3.5;3.5;3;2.5
-1.81;3.5;3.5;3;2.5
-1.8;3.5;3.5;3.5;2.5
-1.79;3.5;3.5;3.5;2.5
-1.78;3.5;3.5;3.5;2.5
-1.77;3.5;3.5;3.5;2.5
-1.76;3.5;3.5;3.5;2.5
-1.75;3.5;3.5;3.5;2.5
-1.74;3.5;3.5;3.5;2.5
-1.73;3.5;3.5;3.5;2.5
-1.72;3.5;3.5;3.5;2.5
-1.71;3.5;3.5;3.5;2.5
-1.7;3.5;3.5;3.5;2.5
-1.69;3.5;3.5;3.5;2.5
-1.68;3.5;3.5;3.5;2.5
-1.67;3.5;3.5;3.5;2.5
-1.66;3.5;3.5;3.5;2.5
-1.65;3.5;3.5;3.5;2.5
-1.64;3.5;3.5;3.5;2.5
-1.63;3.5;3.5;3.5;2.5
-1.62;3.5;3.5;3.5;2.5
-1.61;3.5;3.5;3.5;2.5
-1.6;3.5;4;3.5;2.5
-1.59;3.5;4;3.5;2.5
-1.58;3.5;4;3.5;2.5
-1.57;3.5;4;3.5;2.5
-1.56;3.5;4;3.5;2.5
-1.55;3.5;4;3.5;2.5
-1.54;3.5;4;3.5;2.5
-1.53;3.5;4;3.5;2.5
-1.52;3.5;4;3.5;2.5
-1.51;3.5;4;3.5;2.5
-1.5;3.5;4;3.5;2.5
-1.49;3.5;4;3.5;2.5
-1.48;3.5;4;3.5;2.5
-1.47;3.5;4;3.5;2.5
-1.46;3.5;4;3.5;2.5
-1.45;3.5;4;3.5;2.5
-1.44;3.5;4;3.5;2.5
-1.43;3.5;4;3.5;2.5
-1.42;3.5;4;3.5;2.5
-1.41;3.5;4;3.5;2.5
-1.4;3.5;4;3.5;2.5
-1.39;3.5;4;3.5;2.5
-1.38;3.5;4;3.5;2.5
-1.37;3.5;4;3.5;2.5
-1.36;3.5;4;3.5;2.5
-1.35;3.5;4;3.5;2.5
-1.34;3.5;4;3.5;2.5
-1.33;3.5;4;3.5;2.5
-1.32;3.5;4;3.5;2.5
-1.31;3.5;4;3.5;2.5
-1.3;4;4;3.5;2.5
-1.29;4;4;3.5;2.5
-1.28;4;4;3.5;2.5
-1.27;4;4;3.5;2.5
-1.26;4;4;3.5;2.5
-1.25;4;4;3.5;2.5
-1.24;4;4;3.5;2.5
-1.23;4;4;3.5;2.5
-1.22;4;4;3.5;2.5
-1.21;4;4;3.5;2.5
-1.2;4;4;3.5;2.5
-1.19;4;4;3.5;2.5
-1.18;4;4;3.5;2.5
-1.17;4;4;3.5;2.5
-1.16;4;4;3.5;2.5
-1.15;4;4;3.5;2.5
-1.14;4;4;3.5;2.5
-1.13;4;4;3.5;2.5
-1.12;4;4;3.5;2.5
-1.11;4;4;3.5;2.5
-1.1;4;4;3.5;3
-1.09;4;4;3.5;3
-1.08;4;4;3.5;3
-1.07;4;4;3.5;3
-1.06;4;4;3.5;3
-1.05;4;4;3.5;3
-1.04;4;4;3.5;3
-1.03;4;4;3.5;3
-1.02;4;4;3.5;3
-1.01;4;4;3.5;3
-1;4;4;4;3
-0.99;4;4;4;3
-0.98;4;4;4;3
-0.97;4;4;4;3
-0.96;4;4;4;3
-0.95;4;4;4;3
-0.94;4;4;4;3
-0.93;4;4;4;3
-0.92;4;4;4;3
-0.91;4;4;4;3
-0.9;4;4.5;4;3
-0.89;4;4.5;4;3
-0.88;4;4.5;4;3
-0.87;4;4.5;4;3
-0.86;4;4.5;4;3
-0.85;4;4.5;4;3
-0.84;4;4.5;4;3
-0.83;4;4.5;4;3
-0.82;4;4.5;4;3
-0.81;4;4.5;4;3
-0.8;4;4.5;4;3
-0.79;4;4.5;4;3
-0.78;4;4.5;4;3
-0.77;4;4.5;4;3
-0.76;4;4.5;4;3
-0.75;4;4.5;4;3
-0.74;4;4.5;4;3
-0.73;4;4.5;4;3
-0.72;4;4.5;4;3
-0.71;4;4.5;4;3
-0.7;4;4.5;4;3
-0.69;4;4.5;4;3
-0.68;4;4.5;4;3
-0.67;4;4.5;4;3
-0.66;4;4.5;4;3
-0.65;4;4.5;4;3.5
-0.64;4;4.5;4;3.5
-0.63;4;4.5;4;3.5
-0.62;4;4.5;4;3.5
-0.61;4;4.5;4;3.5
-0.6;4.5;4.5;4;3.5
-0.59;4.5;4.5;4;3.5
-0.58;4.5;4.5;4;3.5
-0.57;4.5;4.5;4;3.5
-0.56;4.5;4.5;4;3.5
-0.55;4.5;4.5;4;3.5
-0.54;4.5;4.5;4;3.5
-0.53;4.5;4.5;4;3.5
-0.52;4.5;4.5;4;3.5
-0.51;4.5;4.5;4;3.5
-0.5;4.5;5;4.5;3.5
-0.49;4.5;5;4.5;3.5
-0.48;4.5;5;4.5;3.5
-0.47;4.5;5;4.5;3.5
-0.46;4.5;5;4.5;3.5
-0.45;4.5;5;4.5;3.5
-0.44;4.5;5;4.5;3.5
-0.43;4.5;5;4.5;3.5
-0.42;4.5;5;4.5;3.5
-0.41;4.5;5;4.5;3.5
-0.4;4.5;5;4.5;3.5
-0.39;4.5;5;4.5;3.5
-0.38;4.5;5;4.5;3.5
-0.37;4.5;5;4.5;3.5
-0.36;4.5;5;4.5;3.5
-0.35;4.5;5;4.5;3.5
-0.34;4.5;5;4.5;3.5
-0.33;4.5;5;4.5;3.5
-0.32;4.5;5;4.5;3.5
-0.31;4.5;5;4.5;3.5
-0.3;4.5;5;4.5;4
-0.29;4.5;5;4.5;4
-0.28;4.5;5;4.5;4
-0.27;4.5;5;4.5;4
-0.26;4.5;5;4.5;4
-0.25;4.5;5;4.5;4
-0.24;4.5;5;4.5;4
-0.23;4.5;5;4.5;4
-0.22;4.5;5;4.5;4
-0.21;4.5;5;4.5;4
-0.2;5;5;5;4
-0.19;5;5;5;4
-0.18;5;5;5;4
-0.17;5;5;5;4
-0.16;5;5;5;4
-0.15;5;5;5;4
-0.14;5;5;5;4
-0.13;5;5;5;4
-0.12;5;5;5;4
-0.11;5;5;5;4
-0.1;5;5;5;4
-0.09;5;5;5;4
-0.08;5;5;5;4
-0.07;5;5;5;4
-0.06;5;5;5;4
-0.05;5;5;5;4
-0.04;5;5;5;4
-0.03;5;5;5;4
-0.02;5;5;5;4
-0.01;5;5;5;4
0;5;5;5;4
0.01;5;5;5;4
0.02;5;5;5;4
0.03;5;5;5;4
0.04;5;5;5;4
0.05;5;5;5;4
0.06;5;5;5;4
0.07;5;5;5;4
0.08;5;5;5;4
0.09;5;5;5;4
0.1;5;5;5;4
0.11;5;5;5;4.5
0.12;5;5;5;4.5
0.13;5;5;5;4.5
0.14;5;5;5;4.5
0.15;5;5;5;4.5
0.16;5;5;5;4.5
0.17;5;5;5;4.5
0.18;5;5;5;4.5
0.19;5;5;5;4.5
0.2;5;5;5;4.5
0.21;5;5;5;4.5
0.22;5;5;5;4.5
0.23;5;5;5;4.5
0.24;5;5;5;4.5
0.25;5;5;5;4.5
0.26;5;5;5;4.5
0.27;5;5;5;4.5
0.28;5;5;5;4.5
0.29;5;5;5;4.5
0.3;5.5;5.5;5.5;5
0.31;5.5;5.5;5.5;5
0.32;5.5;5.5;5.5;5
0.33;5.5;5.5;5.5;5
0.34;5.5;5.5;5.5;5
0.35;5.5;5.5;5.5;5
0.36;5.5;5.5;5.5;5
0.37;5.5;5.5;5.5;5
0.38;5.5;5.5;5.5;5
0.39;5.5;5.5;5.5;5
0.4;5.5;5.5;5.5;5
0.41;5.5;5.5;5.5;5
0.42;5.5;5.5;5.5;5
0.43;5.5;5.5;5.5;5
0.44;5.5;5.5;5.5;5
0.45;5.5;5.5;5.5;5
0.46;5.5;5.5;5.5;5
0.47;5.5;5.5;5.5;5
0.48;5.5;5.5;5.5;5
0.49;5.5;5.5;5.5;5
0.5;5.5;5.5;5.5;5
0.51;5.5;5.5;5.5;5.5
0.52;5.5;5.5;5.5;5.5
0.53;5.5;5.5;5.5;5.5
0.54;5.5;5.5;5.5;5.5
0.55;5.5;5.5;5.5;5.5
0.56;5.5;5.5;5.5;5.5
0.57;5.5;5.5;5.5;5.5
0.58;5.5;5.5;5.5;5.5
0.59;5.5;5.5;5.5;5.5
0.6;5.5;5.5;5.5;5.5
0.61;5.5;5.5;5.5;5.5
0.62;5.5;5.5;5.5;5.5
0.63;5.5;5.5;5.5;5.5
0.64;5.5;5.5;5.5;5.5
0.65;5.5;5.5;5.5;5.5
0.66;5.5;5.5;5.5;5.5
0.67;5.5;5.5;5.5;5.5
0.68;5.5;5.5;5.5;5.5
0.69;5.5;5.5;5.5;5.5
0.7;6;6;6;6
0.71;6;6;6;6
0.72;6;6;6;6
0.73;6;6;6;6
0.74;6;6;6;6
0.75;6;6;6;6
0.76;6;6;6;6
0.77;6;6;6;6
0.78;6;6;6;6
0.79;6;6;6;6
0.8;6;6;6;6
0.81;6;6;6;6
0.82;6;6;6;6
0.83;6;6;6;6
0.84;6;6;6;6
0.85;6;6;6;6
0.86;6;6;6;6
0.87;6;6;6;6
0.88;6;6;6;6
0.89;6;6;6;6
0.9;6;6;6;6
0.91;6;6;6;6
0.92;6;6;6;6
0.93;6;6;6;6
0.94;6;6;6;6
0.95;6;6;6;6
0.96;6;6;6;6
0.97;6;6;6;6
0.98;6;6;6;6
0.99;6;6;6;6
1;6;6;6;6
1.01;6;6;6;6
1.02;6;6;6;6
1.03;6;6;6;6
1.04;6;6;6;6
1.05;6;6;6;6
1.06;6;6;6;6
1.07;6;6;6;6
1.08;6;6;6;6
1.09;6;6;6;6
1.1;6;6;6;6
1.11;6;6;6;6
1.12;6;6;6;6
1.13;6;6;6;6
1.14;6;6;6;6
1.15;6;6;6;6
1.16;6;6;6;6
1.17;6;6;6;6
1.18;6;6;6;6
1.19;6;6;6;6
1.2;6;6;6;6
1.21;6;6;6;6
1.22;6;6;6;6
1.23;6;6;6;6
1.24;6;6;6;6
1.25;6;6;6;6
1.26;6;6;6;6
1.27;6;6;6;6
1.28;6;6;6;6
1.29;6;6;6;6
1.3;6.5;6.5;6.5;6.5
1.31;6.5;6.5;6.5;6.5
1.32;6.5;6.5;6.5;6.5
1.33;6.5;6.5;6.5;6.5
1.34;6.5;6.5;6.5;6.5
1.35;6.5;6.5;6.5;6.5
1.36;6.5;6.5;6.5;6.5
1.37;6.5;6.5;6.5;6.5
1.38;6.5;6.5;6.5;6.5
1.39;6.5;6.5;6.5;6.5
1.4;6.5;6.5;6.5;6.5
1.41;6.5;6.5;6.5;6.5
1.42;6.5;6.5;6.5;6.5
1.43;6.5;6.5;6.5;6.5
1.44;6.5;6.5;6.5;6.5
1.45;6.5;6.5;6.5;6.5
1.46;6.5;6.5;6.5;6.5
1.47;6.5;6.5;6.5;6.5
1.48;6.5;6.5;6.5;6.5
1.49;6.5;6.5;6.5;6.5
1.5;6.5;6.5;6.5;6.5
1.51;6.5;6.5;6.5;6.5
1.52;6.5;6.5;6.5;6.5
1.53;6.5;6.5;6.5;6.5
1.54;6.5;6.5;6.5;6.5
1.55;6.5;6.5;6.5;6.5
1.56;6.5;6.5;6.5;6.5
1.57;6.5;6.5;6.5;6.5
1.58;6.5;6.5;6.5;6.5
1.59;6.5;6.5;6.5;6.5
1.6;6.5;6.5;6.5;7
1.61;6.5;6.5;6.5;7
1.62;6.5;6.5;6.5;7
1.63;6.5;6.5;6.5;7
1.64;6.5;6.5;6.5;7
1.65;6.5;6.5;6.5;7
1.66;6.5;6.5;6.5;7
1.67;6.5;6.5;6.5;7
1.68;6.5;6.5;6.5;7
1.69;6.5;6.5;6.5;7
1.7;7;7;7;7
1.71;7;7;7;7
1.72;7;7;7;7
1.73;7;7;7;7
1.74;7;7;7;7
1.75;7;7;7;7
1.76;7;7;7;7
1.77;7;7;7;7
1.78;7;7;7;7
1.79;7;7;7;7
1.8;7;7;7;7
1.81;7;7;7;7
1.82;7;7;7;7
1.83;7;7;7;7
1.84;7;7;7;7
1.85;7;7;7;7
1.86;7;7;7;7
1.87;7;7;7;7
1.88;7;7;7;7
1.89;7;7;7;7
1.9;7;7;7;7
1.91;7;7;7;7
1.92;7;7;7;7
1.93;7;7;7;7
1.94;7;7;7;7
1.95;7;7;7;7
1.96;7;7;7;7
1.97;7;7;7;7
1.98;7;7;7;7
1.99;7;7;7;7
2;7;7;7;7
2.01;7;7;7;7
2.02;7;7;7;7
2.03;7;7;7;7
2.04;7;7;7;7
2.05;7;7;7;7
2.06;7;7;7;7
2.07;7;7;7;7
2.08;7;7;7;7
2.09;7;7;7;7
2.1;7;7;7;7
2.11;7;7;7;7
2.12;7;7;7;7
2.13;7;7;7;7
2.14;7;7;7;7
2.15;7;7;7;7
2.16;7.5;7;7;7
2.17;7.5;7;7;7
2.18;7.5;7;7;7
2.19;7.5;7;7;7
2.2;7.5;7;7;7.5
2.21;7.5;7;7;7.5
2.22;7.5;7;7;7.5
2.23;7.5;7;7;7.5
2.24;7.5;7;7;7.5
2.25;7.5;7;7;7.5
2.26;7.5;7;7;7.5
2.27;7.5;7;7;7.5
2.28;7.5;7;7;7.5
2.29;7.5;7;7;7.5
2.3;7.5;7;7;7.5
2.31;7.5;7;7;7.5
2.32;7.5;7;7;7.5
2.33;7.5;7;7;7.5
2.34;7.5;7;7;7.5
2.35;7.5;7;7;7.5
2.36;7.5;7;7;7.5
2.37;7.5;7;7;7.5
2.38;7.5;7;7;7.5
2.39;7.5;7;7;7.5
2.4;7.5;7;7;7.5
2.41;7.5;7;7;7.5
2.42;7.5;7;7;7.5
2.43;7.5;7;7;7.5
2.44;7.5;7;7;7.5
2.45;7.5;7;7;7.5
2.46;7.5;7;7;7.5
2.47;7.5;7;7;7.5
2.48;7.5;7;7;7.5
2.49;7.5;7;7;7.5
2.5;8;7.5;7.5;7.5
2.51;8;7.5;7.5;7.5
2.52;8;7.5;7.5;7.5
2.53;8;7.5;7.5;7.5
2.54;8;7.5;7.5;7.5
2.55;8;7.5;7.5;7.5
2.56;8;7.5;7.5;7.5
2.57;8;7.5;7.5;7.5
2.58;8;7.5;7.5;7.5
2.59;8;7.5;7.5;7.5
2.6;8;7.5;7.5;7.5
2.61;8;7.5;7.5;7.5
2.62;8;7.5;7.5;7.5
2.63;8;7.5;7.5;7.5
2.64;8;7.5;7.5;7.5
2.65;8;7.5;7.5;7.5
2.66;8;7.5;7.5;7.5
2.67;8;7.5;7.5;7.5
2.68;8;7.5;7.5;7.5
2.69;8;7.5;7.5;7.5
2.7;8;7.5;7.5;8
2.71;8;7.5;7.5;8
2.72;8;7.5;7.5;8
2.73;8;7.5;7.5;8
2.74;8;7.5;7.5;8
2.75;8;7.5;7.5;8
2.76;8;7.5;7.5;8
2.77;8;7.5;7.5;8
2.78;8;7.5;7.5;8
2.79;8;7.5;7.5;8
2.8;8;7.5;7.5;8
2.81;8;7.5;7.5;8
2.82;8;7.5;7.5;8
2.83;8;7.5;7.5;8
2.84;8;7.5;7.5;8
2.85;8;7.5;7.5;8
2.86;8;7.5;7.5;8
2.87;8;7.5;7.5;8
2.88;8;7.5;7.5;8
2.89;8;7.5;7.5;8
2.9;8;7.5;7.5;8
2.91;8;7.5;7.5;8
2.92;8;7.5;7.5;8
2.93;8;7.5;7.5;8
2.94;8;7.5;7.5;8
2.95;8;7.5;7.5;8
2.96;8;7.5;7.5;8
2.97;8;7.5;7.5;8
2.98;8;7.5;7.5;8
2.99;8;7.5;7.5;8
3;8;8;8;8
3.01;8;8;8;8
3.02;8;8;8;8
3.03;8;8;8;8
3.04;8;8;8;8
3.05;8;8;8;8
3.06;8;8;8;8
3.07;8;8;8;8
3.08;8;8;8;8
3.09;8;8;8;8
3.1;8;8;8;8
3.11;8;8;8;8
3.12;8;8;8;8
3.13;8;8;8;8
3.14;8;8;8;8
3.15;8;8;8;8
3.16;8;8;8;8
3.17;8;8;8;8
3.18;8;8;8;8
3.19;8;8;8;8
3.2;8;8;8;8
3.21;8;8;8;8
3.22;8;8;8;8
3.23;8;8;8;8
3.24;8;8;8;8
3.25;8;8;8;8
3.26;8;8;8;8
3.27;8;8;8;8
3.28;8;8;8;8
3.29;8;8;8;8
3.3;8;8;8;8
3.31;8;8;8;8
3.32;8;8;8;8
3.33;8;8;8;8
3.34;8;8;8;8
3.35;8;8;8;8
3.36;8;8;8;8
3.37;8;8;8;8
3.38;8;8;8;8
3.39;8;8;8;8
3.4;8;8;8;8
3.41;8;8;8;8
3.42;8;8;8;8
3.43;8;8;8;8
3.44;8;8;8;8
3.45;8;8;8;8
3.46;8;8;8;8
3.47;8;8;8;8
3.48;8;8;8;8
3.49;8;8;8;8
3.5;8.5;8;8;8
3.51;8.5;8;8;8
3.52;8.5;8;8;8
3.53;8.5;8;8;8
3.54;8.5;8;8;8
3.55;8.5;8;8;8
3.56;8.5;8;8;8
3.57;8.5;8;8;8
3.58;8.5;8;8;8
3.59;8.5;8;8;8
3.6;8.5;8;8;8
3.61;8.5;8;8;8
3.62;8.5;8;8;8
3.63;8.5;8;8;8
3.64;8.5;8;8;8
3.65;8.5;8;8;8
3.66;8.5;8;8;8
3.67;8.5;8;8;8
3.68;8.5;8;8;8
3.69;8.5;8;8;8
3.7;8.5;8;8;8
3.71;8.5;8;8;8
3.72;8.5;8;8;8
3.73;8.5;8;8;8
3.74;8.5;8;8;8
3.75;8.5;8;8;8
3.76;8.5;8;8;8
3.77;8.5;8;8;8
3.78;8.5;8;8;8
3.79;8.5;8;8;8
3.8;8.5;8;8;8.5
3.81;8.5;8;8;8.5
3.82;8.5;8;8;8.5
3.83;8.5;8;8;8.5
3.84;8.5;8;8;8.5
3.85;8.5;8;8;8.5
3.86;8.5;8;8;8.5
3.87;8.5;8;8;8.5
3.88;8.5;8;8;8.5
3.89;8.5;8;8;8.5
3.9;8.5;8;8;8.5
3.91;8.5;8;8;8.5
3.92;8.5;8;8;8.5
3.93;8.5;8;8;8.5
3.94;8.5;8;8;8.5
3.95;8.5;8;8;8.5
3.96;8.5;8;8;8.5
3.97;8.5;8;8;8.5
3.98;8.5;8;8;8.5
3.99;8.5;8;8;8.5
4;9;8;8;8.5
4.01;9;8;8;8.5
4.02;9;8;8;8.5
4.03;9;8;8;8.5
4.04;9;8;8;8.5
4.05;9;8;8;8.5
4.06;9;8;8;8.5
4.07;9;8;8;8.5
4.08;9;8;8;8.5
4.09;9;8;8;8.5
4.1;9;8;8;8.5
4.11;9;8;8;8.5
4.12;9;8;8;8.5
4.13;9;8;8;8.5
4.14;9;8;8;8.5
4.15;9;8;8;8.5
4.16;9;8;8;8.5
4.17;9;8;8;8.5
4.18;9;8;8;8.5
4.19;9;8;8;8.5
4.2;9;8;8;8.5
4.21;9;8;8;8.5
4.22;9;8;8;8.5
4.23;9;8;8;8.5
4.24;9;8;8;8.5
4.25;9;8;8;8.5
4.26;9;8;8;8.5
4.27;9;8;8;8.5
4.28;9;8;8;8.5
4.29;9;8;8;8.5
4.3;9;8;8;9
4.31;9;8;8;9
4.32;9;8;8;9
4.33;9;8;8;9
4.34;9;8;8;9
4.35;9;8;8;9
4.36;9;8;8;9
4.37;9;8;8;9
4.38;9;8;8;9
4.39;9;8;8;9
4.4;9;8;8;9
4.41;9;8;8;9
4.42;9;8;8;9
4.43;9;8;8;9
4.44;9;8;8;9
4.45;9;8;8;9
4.46;9;8;8;9
4.47;9;8;8;9
4.48;9;8;8;9
4.49;9;8;8;9
4.5;9;8;8.5;9
4.51;9;8;8.5;9
4.52;9;8;8.5;9
4.53;9;8;8.5;9
4.54;9;8;8.5;9
4.55;9;8;8.5;9
4.56;9;8;8.5;9
4.57;9;8;8.5;9
4.58;9;8;8.5;9
4.59;9;8;8.5;9
4.6;9;8;8.5;9
4.61;9;8;8.5;9
4.62;9;8;8.5;9
4.63;9;8;8.5;9
4.64;9;8;8.5;9
4.65;9;8;8.5;9
4.66;9;8;8.5;9
4.67;9;8;8.5;9
4.68;9;8;8.5;9
4.69;9;8;8.5;9
4.7;9;8;8.5;9
4.71;9;8.5;8.5;9
4.72;9;8.5;8.5;9
4.73;9;8.5;8.5;9
4.74;9;8.5;8.5;9
4.75;9;8.5;8.5;9
4.76;9;8.5;8.5;9
4.77;9;8.5;8.5;9
4.78;9;8.5;8.5;9
4.79;9;8.5;8.5;9
4.8;9;8.5;8.5;9
4.81;9;8.5;8.5;9
4.82;9;8.5;8.5;9
4.83;9;8.5;8.5;9
4.84;9;8.5;8.5;9
4.85;9;8.5;8.5;9
4.86;9;8.5;8.5;9
4.87;9;8.5;8.5;9
4.88;9;8.5;8.5;9
4.89;9;8.5;8.5;9
4.9;9;8.5;8.5;9
4.91;9;8.5;8.5;9
4.92;9;8.5;8.5;9
4.93;9;8.5;8.5;9
4.94;9;8.5;8.5;9
4.95;9;8.5;8.5;9
4.96;9;8.5;8.5;9
4.97;9;8.5;8.5;9
4.98;9;8.5;8.5;9
4.99;9;8.5;8.5;9
5;9;8.5;8.5;9
5.01;9;8.5;8.5;9
5.02;9;8.5;8.5;9
5.03;9;8.5;8.5;9
5.04;9;8.5;8.5;9
5.05;9;8.5;8.5;9
5.06;9;8.5;8.5;9
5.07;9;8.5;8.5;9
5.08;9;8.5;8.5;9
5.09;9;8.5;8.5;9
5.1;9;8.5;8.5;9
5.11;9;8.5;8.5;9
5.12;9;8.5;8.5;9
5.13;9;8.5;8.5;9
5.14;9;8.5;8.5;9
5.15;9;8.5;8.5;9
5.16;9;8.5;8.5;9
5.17;9;8.5;8.5;9
5.18;9;8.5;8.5;9
5.19;9;8.5;8.5;9
5.2;9;8.5;8.5;9
5.21;9;8.5;8.5;9
5.22;9;8.5;8.5;9
5.23;9;8.5;8.5;9
5.24;9;8.5;8.5;9
5.25;9;8.5;8.5;9
5.26;9;8.5;8.5;9
5.27;9;8.5;8.5;9
5.28;9;8.5;8.5;9
5.29;9;8.5;8.5;9
5.3;9;8.5;8.5;9
5.31;9;8.5;8.5;9
5.32;9;8.5;8.5;9
5.33;9;8.5;8.5;9
5.34;9;8.5;8.5;9
5.35;9;8.5;8.5;9
5.36;9;8.5;8.5;9
5.37;9;8.5;8.5;9
5.38;9;8.5;8.5;9
5.39;9;8.5;8.5;9
5.4;9;8.5;8.5;9
5.41;9;8.5;8.5;9
5.42;9;8.5;8.5;9
5.43;9;8.5;8.5;9
5.44;9;8.5;8.5;9
5.45;9;8.5;8.5;9
5.46;9;8.5;8.5;9
5.47;9;8.5;8.5;9
5.48;9;8.5;8.5;9
5.49;9;8.5;8.5;9
5.5;9;8.5;9;9
5.51;9;8.5;9;9
5.52;9;8.5;9;9
5.53;9;8.5;9;9
5.54;9;8.5;9;9
5.55;9;8.5;9;9
5.56;9;8.5;9;9
5.57;9;8.5;9;9
5.58;9;8.5;9;9
5.59;9;8.5;9;9
5.6;9;8.5;9;9
5.61;9;8.5;9;9
5.62;9;8.5;9;9
5.63;9;8.5;9;9
5.64;9;8.5;9;9
5.65;9;8.5;9;9
5.66;9;8.5;9;9
5.67;9;8.5;9;9
5.68;9;8.5;9;9
5.69;9;8.5;9;9
5.7;9;8.5;9;9
5.71;9;8.5;9;9
5.72;9;8.5;9;9
5.73;9;8.5;9;9
5.74;9;8.5;9;9
5.75;9;8.5;9;9
5.76;9;8.5;9;9
5.77;9;8.5;9;9
5.78;9;8.5;9;9
5.79;9;8.5;9;9
5.8;9;8.5;9;9
5.81;9;8.5;9;9
5.82;9;8.5;9;9
5.83;9;8.5;9;9
5.84;9;8.5;9;9
5.85;9;8.5;9;9
5.86;9;8.5;9;9
5.87;9;8.5;9;9
5.88;9;8.5;9;9
5.89;9;8.5;9;9
5.9;9;8.5;9;9
5.91;9;8.5;9;9
5.92;9;8.5;9;9
5.93;9;8.5;9;9
5.94;9;8.5;9;9
5.95;9;8.5;9;9
5.96;9;8.5;9;9
5.97;9;8.5;9;9
5.98;9;8.5;9;9
5.99;9;8.5;9;9
6;9;9;9;9
6.01;9;9;9;9
6.02;9;9;9;9
6.03;9;9;9;9
6.04;9;9;9;9
6.05;9;9;9;9
6.06;9;9;9;9
6.07;9;9;9;9
6.08;9;9;9;9
6.09;9;9;9;9
6.1;9;9;9;9
6.11;9;9;9;9
6.12;9;9;9;9
6.13;9;9;9;9
6.14;9;9;9;9
6.15;9;9;9;9
6.16;9;9;9;9
6.17;9;9;9;9
6.18;9;9;9;9
6.19;9;9;9;9
6.2;9;9;9;9
6.21;9;9;9;9
6.22;9;9;9;9
6.23;9;9;9;9
6.24;9;9;9;9
6.25;9;9;9;9
6.26;9;9;9;9
6.27;9;9;9;9
6.28;9;9;9;9
6.29;9;9;9;9
6.3;9;9;9;9
6.31;9;9;9;9
6.32;9;9;9;9
6.33;9;9;9;9
6.34;9;9;9;9
6.35;9;9;9;9
6.36;9;9;9;9
6.37;9;9;9;9
6.38;9;9;9;9
6.39;9;9;9;9
6.4;9;9;9;9
6.41;9;9;9;9
6.42;9;9;9;9
6.43;9;9;9;9
6.44;9;9;9;9
6.45;9;9;9;9
6.46;9;9;9;9
6.47;9;9;9;9
6.48;9;9;9;9
6.49;9;9;9;9
6.5;9;9;9;9
6.51;9;9;9;9
6.52;9;9;9;9
6.53;9;9;9;9
6.54;9;9;9;9
6.55;9;9;9;9
6.56;9;9;9;9
6.57;9;9;9;9
6.58;9;9;9;9
6.59;9;9;9;9
6.6;9;9;9;9
6.61;9;9;9;9
6.62;9;9;9;9
6.63;9;9;9;9
6.64;9;9;9;9
6.65;9;9;9;9
6.66;9;9;9;9
6.67;9;9;9;9
6.68;9;9;9;9
6.69;9;9;9;9
6.7;9;9;9;9
6.71;9;9;9;9
6.72;9;9;9;9
6.73;9;9;9;9
6.74;9;9;9;9
6.75;9;9;9;9
6.76;9;9;9;9
6.77;9;9;9;9
6.78;9;9;9;9
6.79;9;9;9;9
6.8;9;9;9;9
6.81;9;9;9;9
6.82;9;9;9;9
6.83;9;9;9;9
6.84;9;9;9;9
6.85;9;9;9;9
6.86;9;9;9;9
6.87;9;9;9;9
6.88;9;9;9;9
6.89;9;9;9;9
6.9;9;9;9;9
6.91;9;9;9;9
6.92;9;9;9;9
6.93;9;9;9;9
6.94;9;9;9;9
6.95;9;9;9;9
6.96;9;9;9;9
6.97;9;9;9;9
6.98;9;9;9;9
6.99;9;9;9;9
7;9;9;9;10
7.01;9;9;9;10
7.02;9;9;9;10
7.03;9;9;9;10
7.04;9;9;9;10
7.05;9;9;9;10
7.06;9;9;9;10
7.07;9;9;9;10
7.08;9;9;9;10
7.09;9;9;9;10
7.1;9;9;9;10
7.11;9;9;9;10
7.12;9;9;9;10
7.13;9;9;9;10
7.14;9;9;9;10
7.15;9;9;9;10
7.16;9;9;9;10
7.17;9;9;9;10
7.18;9;9;9;10
7.19;9;9;9;10
7.2;9;9;9;10
7.21;9;9;9;10
7.22;9;9;9;10
7.23;9;9;9;10
7.24;9;9;9;10
7.25;9;9;9;10
7.26;9;9;9;10
7.27;9;9;9;10
7.28;9;9;9;10
7.29;9;9;9;10
7.3;9;9;9;10
7.31;9;9;9;10
7.32;9;9;9;10
7.33;9;9;9;10
7.34;9;9;9;10
7.35;9;9;9;10
7.36;9;9;9;10
7.37;9;9;9;10
7.38;9;9;9;10
7.39;9;9;9;10
7.4;9;9;9;10
7.41;9;9;9;10
7.42;9;9;9;10
7.43;9;9;9;10
7.44;9;9;9;10
7.45;9;9;9;10
7.46;9;9;9;10
7.47;9;9;9;10
7.48;9;9;9;10
7.49;9;9;9;10
7.5;9;9;9;10
7.51;9;9;9;10
7.52;9;9;9;10
7.53;9;9;9;10
7.54;9;9;9;10
7.55;9;9;9;10
7.56;9;9;9;10
7.57;9;9;9;10
7.58;9;9;9;10
7.59;9;9;9;10
7.6;9;9;9;10
7.61;9;9;9;10
7.62;9;9;9;10
7.63;9;9;9;10
7.64;9;9;9;10
7.65;9;9;9;10
7.66;9;9;9;10
7.67;9;9;9;10
7.68;9;9;9;10
7.69;9;9;9;10
7.7;9;9;9;10
7.71;9;9;9;10
7.72;9;9;9;10
7.73;9;9;9;10
7.74;9;9;9;10
7.75;9;9;9;10
7.76;9;9;9;10
7.77;9;9;9;10
7.78;9;9;9;10
7.79;9;9;9;10
7.8;9;9;9;10
7.81;9;9;9;10
7.82;9;9;9;10
7.83;9;9;9;10
7.84;9;9;9;10
7.85;9;9;9;10
7.86;9;9;9;10
7.87;9;9;9;10
7.88;9;9;9;10
7.89;9;9;9;10
7.9;9;9;9;10
7.91;9;9;9;10
7.92;9;9;9;10
7.93;9;9;9;10
7.94;9;9;9;10
7.95;9;9;9;10
7.96;9;9;9;10
7.97;9;9;9;10
7.98;9;9;9;10
7.99;9;9;9;10
8;10;9;9;10
8.01;10;9;9;10
8.02;10;9;9;10
8.03;10;9;9;10
8.04;10;9;9;10
8.05;10;9;9;10
8.06;10;9;9;10
8.07;10;9;9;10
8.08;10;9;9;10
8.09;10;9;9;10
8.1;10;9;9;10
8.11;10;9;9;10
8.12;10;9;9;10
8.13;10;9;9;10
8.14;10;9;9;10
8.15;10;9;9;10
8.16;10;9;9;10
8.17;10;9;9;10
8.18;10;9;9;10
8.19;10;9;9;10
8.2;10;9;9;10
8.21;10;9;9;10
8.22;10;9;9;10
8.23;10;9;9;10
8.24;10;9;9;10
8.25;10;9;9;10
8.26;10;9;9;10
8.27;10;9;9;10
8.28;10;9;9;10
8.29;10;9;9;10
8.3;10;9;9;10
8.31;10;9;9;10
8.32;10;9;9;10
8.33;10;9;9;10
8.34;10;9;9;10
8.35;10;9;9;10
8.36;10;9;9;10
8.37;10;9;9;10
8.38;10;9;9;10
8.39;10;9;9;10
8.4;10;9;9;10
8.41;10;9;9;10
8.42;10;9;9;10
8.43;10;9;9;10
8.44;10;9;9;10
8.45;10;9;9;10
8.46;10;9;9;10
8.47;10;9;9;10
8.48;10;9;9;10
8.49;10;9;9;10
8.5;10;9;9;10
8.51;10;9;9;10
8.52;10;9;9;10
8.53;10;9;9;10
8.54;10;9;9;10
8.55;10;9;9;10
8.56;10;9;9;10
8.57;10;9;9;10
8.58;10;9;9;10
8.59;10;9;9;10
8.6;10;9;9;10
8.61;10;9;9;10
8.62;10;9;9;10
8.63;10;9;9;10
8.64;10;9;9;10
8.65;10;9;9;10
8.66;10;9;9;10
8.67;10;9;9;10
8.68;10;9;9;10
8.69;10;9;9;10
8.7;10;9;9;10
8.71;10;9;9;10
8.72;10;9;9;10
8.73;10;9;9;10
8.74;10;9;9;10
8.75;10;9;9;10
8.76;10;9;9;10
8.77;10;9;9;10
8.78;10;9;9;10
8.79;10;9;9;10
8.8;10;9;9;10
8.81;10;9;9;10
8.82;10;9;9;10
8.83;10;9;9;10
8.84;10;9;9;10
8.85;10;9;9;10
8.86;10;9;9;10
8.87;10;9;9;10
8.88;10;9;9;10
8.89;10;9;9;10
8.9;10;9;9;10
8.91;10;9;9;10
8.92;10;9;9;10
8.93;10;9;9;10
8.94;10;9;9;10
8.95;10;9;9;10
8.96;10;9;9;10
8.97;10;9;9;10
8.98;10;9;9;10
8.99;10;9;9;10
9;10;9;9;10
9.01;10;10;10;10
9.02;10;10;10;10
9.03;10;10;10;10
9.04;10;10;10;10
9.05;10;10;10;10
9.06;10;10;10;10
9.07;10;10;10;10
9.08;10;10;10;10
9.09;10;10;10;10
9.1;10;10;10;10
9.11;10;10;10;10
9.12;10;10;10;10
9.13;10;10;10;10
9.14;10;10;10;10
9.15;10;10;10;10
9.16;10;10;10;10
9.17;10;10;10;10
9.18;10;10;10;10
9.19;10;10;10;10
9.2;10;10;10;10
9.21;10;10;10;10
9.22;10;10;10;10
9.23;10;10;10;10
9.24;10;10;10;10
9.25;10;10;10;10
9.26;10;10;10;10
9.27;10;10;10;10
9.28;10;10;10;10
9.29;10;10;10;10
9.3;10;10;10;10
9.31;10;10;10;10
9.32;10;10;10;10
9.33;10;10;10;10
9.34;10;10;10;10
9.35;10;10;10;10
9.36;10;10;10;10
9.37;10;10;10;10
9.38;10;10;10;10
9.39;10;10;10;10
9.4;10;10;10;10
9.41;10;10;10;10
9.42;10;10;10;10
9.43;10;10;10;10
9.44;10;10;10;10
9.45;10;10;10;10
9.46;10;10;10;10
9.47;10;10;10;10
9.48;10;10;10;10
9.49;10;10;10;10
9.5;10;10;10;10
9.51;10;10;10;10
9.52;10;10;10;10
9.53;10;10;10;10
9.54;10;10;10;10
9.55;10;10;10;10
9.56;10;10;10;10
9.57;10;10;10;10
9.58;10;10;10;10
9.59;10;10;10;10
9.6;10;10;10;10
9.61;10;10;10;10
9.62;10;10;10;10
9.63;10;10;10;10
9.64;10;10;10;10
9.65;10;10;10;10
9.66;10;10;10;10
9.67;10;10;10;10
9.68;10;10;10;10
9.69;10;10;10;10
9.7;10;10;10;10
9.71;10;10;10;10
9.72;10;10;10;10
9.73;10;10;10;10
9.74;10;10;10;10
9.75;10;10;10;10
9.76;10;10;10;10
9.77;10;10;10;10
9.78;10;10;10;10
9.79;10;10;10;10
9.8;10;10;10;10
9.81;10;10;10;10
9.82;10;10;10;10
9.83;10;10;10;10
9.84;10;10;10;10
9.85;10;10;10;10
9.86;10;10;10;10
9.87;10;10;10;10
9.88;10;10;10;10
9.89;10;10;10;10
9.9;10;10;10;10
9.91;10;10;10;10
9.92;10;10;10;10
9.93;10;10;10;10
9.94;10;10;10;10
9.95;10;10;10;10
9.96;10;10;10;10
9.97;10;10;10;10
9.98;10;10;10;10
9.99;10;10;10;10
10;10;10;10;10
